-- A seguir, inserções nas tabelas do banco de dados

-- Inserções na tabela diretos 
INSERT INTO DIRETOR VALUES (1, 'Christopher Nolan', 'Reino Unido', DATE '1998-01-01');
INSERT INTO DIRETOR VALUES (2, 'Steven Spielberg', 'Estados Unidos', DATE '1975-01-01');
INSERT INTO DIRETOR VALUES (3, 'Martin Scorsese', 'Estados Unidos', DATE '1967-01-01');
INSERT INTO DIRETOR VALUES (4, 'Quentin Tarantino', 'Estados Unidos', DATE '1992-01-01');
INSERT INTO DIRETOR VALUES (5, 'James Cameron', 'Canadá', DATE '1984-01-01');
INSERT INTO DIRETOR VALUES (6, 'Patty Jenkins', 'Estados Unidos', DATE '2003-01-01');
INSERT INTO DIRETOR VALUES (7, 'Denis Villeneuve', 'Canadá', DATE '1998-01-01');
INSERT INTO DIRETOR VALUES (8, 'Guillermo del Toro', 'México', DATE '1993-01-01');
INSERT INTO DIRETOR VALUES (9, 'David Fincher', 'Estados Unidos', DATE '1987-01-01');
INSERT INTO DIRETOR VALUES (10, 'Ridley Scott', 'Reino Unido', DATE '1977-01-01');

-- Inserções na tabela elenco
INSERT INTO ELENCO VALUES (1, 'Leonardo DiCaprio');
INSERT INTO ELENCO VALUES (2, 'Scarlett Johansson');
INSERT INTO ELENCO VALUES (3, 'Morgan Freeman');
INSERT INTO ELENCO VALUES (4, 'Brad Pitt');
INSERT INTO ELENCO VALUES (5, 'Tom Hardy');
INSERT INTO ELENCO VALUES (6, 'Anne Hathaway');
INSERT INTO ELENCO VALUES (7, 'Emma Stone');
INSERT INTO ELENCO VALUES (8, 'Chris Evans');
INSERT INTO ELENCO VALUES (9, 'Zoe Saldana');
INSERT INTO ELENCO VALUES (10, 'Christian Bale');

-- Inserções na tabela genero
INSERT INTO GENERO VALUES (1, 'Ação');
INSERT INTO GENERO VALUES (2, 'Drama');
INSERT INTO GENERO VALUES (3, 'Comédia');
INSERT INTO GENERO VALUES (4, 'Terror');
INSERT INTO GENERO VALUES (5, 'Ficção Científica');
INSERT INTO GENERO VALUES (6, 'Animação');
INSERT INTO GENERO VALUES (7, 'Documentário');
INSERT INTO GENERO VALUES (8, 'Aventura');
INSERT INTO GENERO VALUES (9, 'Suspense');
INSERT INTO GENERO VALUES (10, 'Romance');

-- Inserções na tabela plano 
INSERT INTO PLANO VALUES (1, 'Básico', 'ativo', 19.90, 199.00);
INSERT INTO PLANO VALUES (2, 'Padrão', 'ativo', 29.90, 299.00);
INSERT INTO PLANO VALUES (3, 'Premium', 'ativo', 39.90, 399.00);
INSERT INTO PLANO VALUES (4, 'Família', 'ativo', 49.90, 499.00);
INSERT INTO PLANO VALUES (5, 'Estudante', 'ativo', 14.90, 149.00);
INSERT INTO PLANO VALUES (6, 'Anual Basic', 'ativo', 0, 189.00);
INSERT INTO PLANO VALUES (7, 'Anual Premium', 'ativo', 0, 389.00);
INSERT INTO PLANO VALUES (8, 'Corporativo', 'ativo', 59.90, 599.00);
INSERT INTO PLANO VALUES (9, 'Kids', 'ativo', 9.90, 99.00);
INSERT INTO PLANO VALUES (10, 'VIP', 'ativo', 99.90, 999.00);

-- Inserções na tabela conteudo 
INSERT INTO CONTEUDO VALUES (1001, '14', 120, DATE '2010-01-01', 'A Origem', 'Um ladrão invade sonhos.', 1, 1);
INSERT INTO CONTEUDO VALUES (1002, '16', 150, DATE '2014-01-01', 'Interestelar', 'Exploração espacial.', 1, 1);
INSERT INTO CONTEUDO VALUES (1003, '12', 110, DATE '1998-01-01', 'O Resgate do Soldado Ryan', 'Missão de guerra.', 1, 2);
INSERT INTO CONTEUDO VALUES (1004, '18', 130, DATE '1999-01-01', 'Clube da Luta', 'Sociedade subversiva.', 1, 9);
INSERT INTO CONTEUDO VALUES (1005, '12', 100, DATE '2016-01-01', 'La La Land', 'Romance musical.', 1, 3);
INSERT INTO CONTEUDO VALUES (1006, '16', 45, DATE '2016-01-01', 'Stranger Things', 'Mistério e fantasia.', 2, 10);
INSERT INTO CONTEUDO VALUES (1007, '14', 50, DATE '2020-01-01', 'The Witcher', 'Caçador de monstros.', 2, 10);
INSERT INTO CONTEUDO VALUES (1008, '10', 22, DATE '2015-01-01', 'The Crown', 'História da monarquia.', 2, 2);
INSERT INTO CONTEUDO VALUES (1009, '12', 98, DATE '2010-01-01', 'A Rede Social', 'Criação do Facebook.', 1, 9);
INSERT INTO CONTEUDO VALUES (1010, '16', 140, DATE '2009-01-01', 'Avatar', 'Planeta Pandora.', 1, 5);

-- Inserções na tabela filme 
INSERT INTO FILME VALUES ('Oscar Melhor Fotografia', 1001);
INSERT INTO FILME VALUES ('Oscar Melhor Trilha Sonora', 1002);
INSERT INTO FILME VALUES ('Oscar Melhor Direção', 1003);
INSERT INTO FILME VALUES ('Indicado ao Oscar', 1004);
INSERT INTO FILME VALUES ('Vencedor Globo de Ouro', 1005);

-- Inserções na tabela serie 
INSERT INTO SERIE VALUES (4, 34, 1006);
INSERT INTO SERIE VALUES (3, 24, 1007);
INSERT INTO SERIE VALUES (6, 60, 1008);
INSERT INTO SERIE VALUES (2, 16, 1009);
INSERT INTO SERIE VALUES (1, 8, 1010);

-- inserções na tabela atuam 
INSERT INTO ATUAM VALUES (1, 1001);
INSERT INTO ATUAM VALUES (5, 1001);
INSERT INTO ATUAM VALUES (1, 1002);
INSERT INTO ATUAM VALUES (3, 1003);
INSERT INTO ATUAM VALUES (4, 1004);
INSERT INTO ATUAM VALUES (7, 1005);
INSERT INTO ATUAM VALUES (8, 1006);
INSERT INTO ATUAM VALUES (9, 1007);
INSERT INTO ATUAM VALUES (10, 1008);
INSERT INTO ATUAM VALUES (5, 1009);

-- inserções na tabela classificado 
INSERT INTO CLASSIFICACAO VALUES (1, 1001);
INSERT INTO CLASSIFICACAO VALUES (5, 1002);
INSERT INTO CLASSIFICACAO VALUES (8, 1003);
INSERT INTO CLASSIFICACAO VALUES (9, 1004);
INSERT INTO CLASSIFICACAO VALUES (10, 1005);
INSERT INTO CLASSIFICACAO VALUES (9, 1006);
INSERT INTO CLASSIFICACAO VALUES (5, 1007);
INSERT INTO CLASSIFICACAO VALUES (2, 1008);
INSERT INTO CLASSIFICACAO VALUES (2, 1009);
INSERT INTO CLASSIFICACAO VALUES (5, 1010);

-- inserções na tabela conta 
INSERT INTO CONTA VALUES ('111.111.111-11','leo@gmail.com','senha123','ativo','Leonardo Alves', DATE '1990-05-10','5133551122','51988887777','Brasil','90000-000',123,'Porto Alegre','Centro','Av Borges',1);
INSERT INTO CONTA VALUES ('222.222.222-22','maria@gmail.com','senha123','ativo','Maria Souza', DATE '1988-07-20','5133552211','51999998888','Brasil','90010-000',45,'Porto Alegre','Moinhos','Rua Floriano',2);
INSERT INTO CONTA VALUES ('333.333.333-33','joao@gmail.com','senha123','ativo','João Pedro', DATE '1995-03-15',NULL,'51977776666','Brasil','90020-000',900,'Canoas','Centro','Rua das Oliveiras',3);
INSERT INTO CONTA VALUES ('444.444.444-44','ana@gmail.com','senha123','ativo','Ana Clara', DATE '1999-11-25',NULL,'51966665555','Brasil','90030-000',120,'São Leopoldo','Feitoria','Rua Central',4);
INSERT INTO CONTA VALUES ('555.555.555-55','carlos@gmail.com','senha123','ativo','Carlos Eduardo', DATE '1985-02-28','5133559988','51944443333','Brasil','90040-000',222,'Gravataí','Bela Vista','Rua Azul',5);
INSERT INTO CONTA VALUES ('666.666.666-66','julia@gmail.com','senha123','ativo','Julia Martins', DATE '2000-04-18',NULL,'51955554444','Brasil','90050-000',30,'Porto Alegre','Cristal','Rua Vip',6);
INSERT INTO CONTA VALUES ('777.777.777-77','rodrigo@gmail.com','senha123','ativo','Rodrigo Lima', DATE '1992-01-08',NULL,'51912121212','Brasil','90060-000',21,'Viamão','Centro','Rua Verde',7);
INSERT INTO CONTA VALUES ('888.888.888-88','sofia@gmail.com','senha123','ativo','Sofia Rocha', DATE '2001-09-09','5133558877','51913131313','Brasil','90070-000',55,'Esteio','Centro','Av Brasil',8);
INSERT INTO CONTA VALUES ('999.999.999-99','paulo@gmail.com','senha123','ativo','Paulo Ricardo', DATE '1983-10-12',NULL,'51914141414','Brasil','90080-000',88,'Sapucaia','Centro','Rua A',9);
INSERT INTO CONTA VALUES ('101.010.101-01','felipe@gmail.com','senha123','ativo','Felipe Almeida', DATE '1997-06-07',NULL,'51915151515','Brasil','90090-000',99,'Porto Alegre','Ipanema','Av Beira Rio',10);

-- inserções na tabela perfil 
INSERT INTO PERFIL VALUES ('Leo','14',hextoraw('00'),DATE '2023-01-01','111.111.111-11');
INSERT INTO PERFIL VALUES ('Maria','12',hextoraw('00'),DATE '2023-01-02','222.222.222-22');
INSERT INTO PERFIL VALUES ('Joao','16',hextoraw('00'),DATE '2023-01-03','333.333.333-33');
INSERT INTO PERFIL VALUES ('Ana','10',hextoraw('00'),DATE '2023-01-04','444.444.444-44');
INSERT INTO PERFIL VALUES ('Carlos','16',hextoraw('00'),DATE '2023-01-05','555.555.555-55');
INSERT INTO PERFIL VALUES ('Juju','10',hextoraw('00'),DATE '2023-01-06','666.666.666-66');
INSERT INTO PERFIL VALUES ('Rod','14',hextoraw('00'),DATE '2023-01-07','777.777.777-77');
INSERT INTO PERFIL VALUES ('Sofi','12',hextoraw('00'),DATE '2023-01-08','888.888.888-88');
INSERT INTO PERFIL VALUES ('Paul','16',hextoraw('00'),DATE '2023-01-09','999.999.999-99');
INSERT INTO PERFIL VALUES ('Lipe','18',hextoraw('00'),DATE '2023-01-10','101.010.101-01');

-- inserções na tabela assiste 
INSERT INTO ASSISTE VALUES ('Leo', 1001, TIMESTAMP '2025-11-27 14:35:22', DATE '2025-11-27', 4.5);
INSERT INTO ASSISTE VALUES ('Maria',1002, TIMESTAMP '2025-11-27 15:00:00', DATE '2025-11-27', 5.0);
INSERT INTO ASSISTE VALUES ('Joao',1003, TIMESTAMP '2025-11-27 16:00:00', DATE '2025-11-27', 4.0);
INSERT INTO ASSISTE VALUES ('Ana',1004, TIMESTAMP '2025-11-27 17:00:00', DATE '2025-11-27', 4.7);
INSERT INTO ASSISTE VALUES ('Carlos',1005, TIMESTAMP '2025-11-27 18:00:00', DATE '2025-11-27', 4.0);
INSERT INTO ASSISTE VALUES ('Juju',1006, TIMESTAMP '2025-11-27 19:00:00', DATE '2025-11-27', 5.0);
INSERT INTO ASSISTE VALUES ('Rod',1007, TIMESTAMP '2025-11-27 20:00:00', DATE '2025-11-27', 4.8);
INSERT INTO ASSISTE VALUES ('Sofi',1008, TIMESTAMP '2025-11-27 21:00:00', DATE '2025-11-27', 4.3);
INSERT INTO ASSISTE VALUES ('Paul',1009, TIMESTAMP '2025-11-27 22:00:00', DATE '2025-11-27', 4.9);
INSERT INTO ASSISTE VALUES ('Lipe',1010, TIMESTAMP '2025-11-27 23:00:00', DATE '2025-11-27', 5.0);

-- inserções na tabela dispositivo 
INSERT INTO DISPOSITIVO VALUES (1,'Smart TV','WebOS','Leo');
INSERT INTO DISPOSITIVO VALUES (2,'Smartphone','Android','Maria');
INSERT INTO DISPOSITIVO VALUES (3,'Notebook','Windows','Joao');
INSERT INTO DISPOSITIVO VALUES (4,'Tablet','iOS','Ana');
INSERT INTO DISPOSITIVO VALUES (5,'Smartphone','iOS','Carlos');
INSERT INTO DISPOSITIVO VALUES (6,'PC Gamer','Windows','Juju');
INSERT INTO DISPOSITIVO VALUES (7,'Smart TV','Tizen','Rod');
INSERT INTO DISPOSITIVO VALUES (8,'Chromecast','Android','Sofi');
INSERT INTO DISPOSITIVO VALUES (9,'Xbox','XboxOS','Paul');
INSERT INTO DISPOSITIVO VALUES (10,'PlayStation','Orbis','Lipe');

-- inserções na tabela pagamento 
INSERT INTO PAGAMENTO VALUES (1,'Cartão Crédito',29.90,DATE '2025-01-01',DATE '2025-02-01','111.111.111-11');
INSERT INTO PAGAMENTO VALUES (2,'Cartão Débito',39.90,DATE '2025-01-02',DATE '2025-02-02','222.222.222-22');
INSERT INTO PAGAMENTO VALUES (3,'Pix',19.90,DATE '2025-01-03',DATE '2025-02-03','333.333.333-33');
INSERT INTO PAGAMENTO VALUES (4,'Boleto',49.90,DATE '2025-01-04',DATE '2025-02-04','444.444.444-44');
INSERT INTO PAGAMENTO VALUES (5,'Pix',59.90,DATE '2025-01-05',DATE '2025-02-05','555.555.555-55');
INSERT INTO PAGAMENTO VALUES (6,'Cartão Crédito',99.90,DATE '2025-01-06',DATE '2025-02-06','666.666.666-66');
INSERT INTO PAGAMENTO VALUES (7,'Cartão Crédito',14.90,DATE '2025-01-07',DATE '2025-02-07','777.777.777-77');
INSERT INTO PAGAMENTO VALUES (8,'Cartão Débito',29.90,DATE '2025-01-08',DATE '2025-02-08','888.888.888-88');
INSERT INTO PAGAMENTO VALUES (9,'Pix',39.90,DATE '2025-01-09',DATE '2025-02-09','999.999.999-99');
INSERT INTO PAGAMENTO VALUES (10,'Boleto',49.90,DATE '2025-01-10',DATE '2025-02-10','101.010.101-01');
